{
  "": {
    "P": 0.32055104600972145,
    "R": -0.023574785525099663,
    "F1": 0.14368594672630802,
    "count": 261
  },
  "overall": {
    "P": 0.32055104600972145,
    "R": -0.023574785525099663,
    "F1": 0.14368594672630802,
    "count": 261
  }
}