{
  "": {
    "P": 0.030587484035759897,
    "R": 0.036206896551724134,
    "F1": 0.028957611141519186,
    "count": 261
  },
  "overall": {
    "P": 0.030587484035759897,
    "R": 0.036206896551724134,
    "F1": 0.028957611141519186,
    "count": 261
  }
}