{
  "": {
    "P": 0.08652482269503546,
    "R": 0.10271656534954406,
    "F1": 0.086064674096589,
    "count": 188
  },
  "overall": {
    "P": 0.08652482269503546,
    "R": 0.10271656534954406,
    "F1": 0.086064674096589,
    "count": 188
  }
}