{
  "": {
    "P": 0.28938105907933465,
    "R": 0.2270483792994985,
    "F1": 0.25876598722404903,
    "count": 261
  },
  "overall": {
    "P": 0.28938105907933465,
    "R": 0.2270483792994985,
    "F1": 0.25876598722404903,
    "count": 261
  }
}