Metric,Precision,Recall,F1
Macro,0.20862149349093917,0.19426373009706344,0.10205080824464655
Micro,0.1482084690553746,0.21016166281755197,0.17382999044890163
