{
  "": {
    "P": 0.301833875677138,
    "R": 0.10361111109988885,
    "F1": 0.20183179992825592,
    "count": 261
  },
  "overall": {
    "P": 0.301833875677138,
    "R": 0.10361111109988885,
    "F1": 0.20183179992825592,
    "count": 261
  }
}