Metric,Precision,Recall,F1
Macro,0.482479530273648,0.30377241210574546,0.33758505444574044
Micro,0.5590551181102362,0.3279445727482679,0.413391557496361
