{
  "": {
    "P": 0.270990914008598,
    "R": 0.08539130109610077,
    "F1": 0.17618003076024244,
    "count": 261
  },
  "overall": {
    "P": 0.270990914008598,
    "R": 0.08539130109610077,
    "F1": 0.17618003076024244,
    "count": 261
  }
}