{
  "": {
    "P": 0.26766056700884383,
    "R": 0.10360799157471036,
    "F1": 0.18427341351806548,
    "count": 261
  },
  "overall": {
    "P": 0.26766056700884383,
    "R": 0.10360799157471036,
    "F1": 0.18427341351806548,
    "count": 261
  }
}