{
  "": {
    "P": 0.30308158906940297,
    "R": 0.2180356772284655,
    "F1": 0.2610433607351506,
    "count": 261
  },
  "overall": {
    "P": 0.30308158906940297,
    "R": 0.2180356772284655,
    "F1": 0.2610433607351506,
    "count": 261
  }
}