{
  "accuracy": 0.30405405405405406,
  "f1_macro": 0.28959317536485263,
  "f1_weighted": 0.27852259691898124,
  "precision_macro": 0.429534846290037,
  "precision_weighted": 0.5283323763164419,
  "recall_macro": 0.42374626711976116,
  "recall_weighted": 0.30405405405405406,
  "total_samples": 149,
  "valid_predictions": 148,
  "failed_predictions": 1,
  "parse_failure_rate": 0.0067
}