Metric,Precision,Recall,F1
Macro,0.3414141414141414,0.07132672882672882,0.09481306208088099
Micro,0.8085106382978723,0.08775981524249422,0.15833333333333333
