{
  "": {
    "P": 0.04492673992673992,
    "R": 0.04345238095238095,
    "F1": 0.04223705781398089,
    "count": 260
  },
  "overall": {
    "P": 0.04492673992673992,
    "R": 0.04345238095238095,
    "F1": 0.04223705781398089,
    "count": 260
  }
}