{
  "": {
    "P": 0.06309067688378033,
    "R": 0.07788268564130633,
    "F1": 0.0652695325109118,
    "count": 261
  },
  "overall": {
    "P": 0.06309067688378033,
    "R": 0.07788268564130633,
    "F1": 0.0652695325109118,
    "count": 261
  }
}