Metric,Precision,Recall,F1
Macro,0.2561728395061728,0.1824074074074074,0.17388814042132117
Micro,0.5517241379310345,0.34782608695652173,0.4266666666666667
