{
  "accuracy": 0.5100671140939598,
  "f1_macro": 0.25963302752293577,
  "f1_weighted": 0.40018471768979746,
  "precision_macro": 0.23169864960909736,
  "precision_weighted": 0.33625735178374666,
  "recall_macro": 0.31929181929181927,
  "recall_weighted": 0.5100671140939598,
  "total_samples": 149,
  "valid_predictions": 149,
  "failed_predictions": 0,
  "parse_failure_rate": 0.0
}