Class,Precision,Recall,F1,Support
CVM-S1,0.0,0.0,0.0,4.0
CVM-S2,0.0,0.0,0.0,4.0
CVM-S3,0.05434782608695652,0.8333333333333334,0.10204081632653061,6.0
CVM-S4,0.0,0.0,0.0,32.0
CVM-S5,0.0,0.0,0.0,59.0
CVM-S6,0.0,0.0,0.0,21.0
