{
  "": {
    "P": 0.11589126071884692,
    "R": 0.15770388615216202,
    "F1": 0.1272658163462761,
    "count": 261
  },
  "overall": {
    "P": 0.11589126071884692,
    "R": 0.15770388615216202,
    "F1": 0.1272658163462761,
    "count": 261
  }
}