{
  "": {
    "P": 0.3174373051330048,
    "R": 0.050638529275574315,
    "F1": 0.1816398977690958,
    "count": 261
  },
  "overall": {
    "P": 0.3174373051330048,
    "R": 0.050638529275574315,
    "F1": 0.1816398977690958,
    "count": 261
  }
}