{
  "": {
    "P": 0.053959131545338435,
    "R": 0.058502098157270574,
    "F1": 0.05353701215770181,
    "count": 261
  },
  "overall": {
    "P": 0.053959131545338435,
    "R": 0.058502098157270574,
    "F1": 0.05353701215770181,
    "count": 261
  }
}