Metric,Precision,Recall,F1
Macro,0.4174623555979488,0.2162101537101537,0.23955753322613246
Micro,0.49528301886792453,0.24249422632794457,0.32558139534883723
