{
  "": {
    "P": 0.02337164750957854,
    "R": 0.019157088122605363,
    "F1": 0.019464209694094754,
    "count": 261
  },
  "overall": {
    "P": 0.02337164750957854,
    "R": 0.019157088122605363,
    "F1": 0.019464209694094754,
    "count": 261
  }
}