{
  "": {
    "P": 0.018456375838926176,
    "R": 0.02572706935123042,
    "F1": 0.020038350910834134,
    "count": 149
  },
  "overall": {
    "P": 0.018456375838926176,
    "R": 0.02572706935123042,
    "F1": 0.020038350910834134,
    "count": 149
  }
}