Metric,Precision,Recall,F1
Macro,0.4311844380304573,0.43805344305344307,0.37975859428406317
Micro,0.3502626970227671,0.4618937644341801,0.398406374501992
