Metric,Precision,Recall,F1
Macro,0.09216687952320136,1.0,0.16038208585590888
Micro,0.09216687952320136,1.0,0.1687780159812902
