{
  "": {
    "P": 0.11991869918699188,
    "R": 0.12804878048780488,
    "F1": 0.11666666666666667,
    "count": 82
  },
  "overall": {
    "P": 0.11991869918699188,
    "R": 0.12804878048780488,
    "F1": 0.11666666666666667,
    "count": 82
  }
}