{
  "": {
    "P": 0.002717391304347826,
    "R": 0.005434782608695652,
    "F1": 0.003623188405797101,
    "count": 92
  },
  "overall": {
    "P": 0.002717391304347826,
    "R": 0.005434782608695652,
    "F1": 0.003623188405797101,
    "count": 92
  }
}