{
  "": {
    "P": 0.0188953488372093,
    "R": 0.01986434108527132,
    "F1": 0.018646179401993358,
    "count": 258
  },
  "overall": {
    "P": 0.0188953488372093,
    "R": 0.01986434108527132,
    "F1": 0.018646179401993358,
    "count": 258
  }
}