{
  "accuracy": 0.5100671140939598,
  "f1_macro": 0.425019425019425,
  "f1_weighted": 0.48525523693308936,
  "precision_macro": 0.4232352010129788,
  "precision_weighted": 0.4980735769326373,
  "recall_macro": 0.48809523809523814,
  "recall_weighted": 0.5100671140939598,
  "total_samples": 149,
  "valid_predictions": 149,
  "failed_predictions": 0,
  "parse_failure_rate": 0.0
}