{
  "accuracy": 0.5637583892617449,
  "f1_macro": 0.3592344497607655,
  "f1_weighted": 0.4674300761054558,
  "precision_macro": 0.325,
  "precision_weighted": 0.40369127516778525,
  "recall_macro": 0.41300366300366304,
  "recall_weighted": 0.5637583892617449,
  "total_samples": 149,
  "valid_predictions": 149,
  "failed_predictions": 0,
  "parse_failure_rate": 0.0
}