,precision,recall,f1-score,support
Grade_1,0.375,0.34615384615384615,0.36,26.0
Grade_2,0.6,0.8928571428571429,0.7177033492822966,84.0
Grade_3,0.0,0.0,0.0,39.0
accuracy,0.5637583892617449,0.5637583892617449,0.5637583892617449,0.5637583892617449
macro avg,0.325,0.41300366300366304,0.3592344497607655,149.0
weighted avg,0.40369127516778525,0.5637583892617449,0.4674300761054558,149.0
