{
  "": {
    "P": 0.2642218142862064,
    "R": 0.1540483307981885,
    "F1": 0.20958311644550484,
    "count": 261
  },
  "overall": {
    "P": 0.2642218142862064,
    "R": 0.1540483307981885,
    "F1": 0.20958311644550484,
    "count": 261
  }
}