{
  "": {
    "P": 0.02758620689655172,
    "R": 0.03513957307060755,
    "F1": 0.02800545559166249,
    "count": 261
  },
  "overall": {
    "P": 0.02758620689655172,
    "R": 0.03513957307060755,
    "F1": 0.02800545559166249,
    "count": 261
  }
}