Metric,Precision,Recall,F1
Macro,0.018424303331030296,0.06084656084656085,0.028275415497517806
Micro,0.2484472049689441,0.18475750577367206,0.2119205298013245
