{
  "": {
    "P": 0.29777154537681416,
    "R": 0.10395008042622875,
    "F1": 0.19992084165328536,
    "count": 261
  },
  "overall": {
    "P": 0.29777154537681416,
    "R": 0.10395008042622875,
    "F1": 0.19992084165328536,
    "count": 261
  }
}