{
  "": {
    "P": 0.03205619412515964,
    "R": 0.03767560664112388,
    "F1": 0.03282247765006385,
    "count": 261
  },
  "overall": {
    "P": 0.03205619412515964,
    "R": 0.03767560664112388,
    "F1": 0.03282247765006385,
    "count": 261
  }
}