{
  "": {
    "P": 0.09904761904761904,
    "R": 0.11428571428571428,
    "F1": 0.103982683982684,
    "count": 70
  },
  "overall": {
    "P": 0.09904761904761904,
    "R": 0.11428571428571428,
    "F1": 0.103982683982684,
    "count": 70
  }
}