Metric,Precision,Recall,F1
Macro,0.05035437695880169,0.218997843997844,0.059244753000541356
Micro,0.08158508158508158,0.16166281755196305,0.10844306738962045
