Class,TP,FP,FN,TN,Precision,Recall,F1
Permanent teeth,0,2,31,193,0.0,0.0,0.0
Primary teeth,211,13,2,0,0.9419642857142857,0.9906103286384976,0.965675057208238
