{
  "": {
    "P": 0.3083996225819277,
    "R": 0.23400434133707335,
    "F1": 0.271778698953518,
    "count": 261
  },
  "overall": {
    "P": 0.3083996225819277,
    "R": 0.23400434133707335,
    "F1": 0.271778698953518,
    "count": 261
  }
}