{
  "accuracy": 0.5771812080536913,
  "f1_macro": 0.461437908496732,
  "f1_weighted": 0.5263545757405753,
  "precision_macro": 0.4660681679853926,
  "precision_weighted": 0.5118368755795382,
  "recall_macro": 0.49664224664224665,
  "recall_weighted": 0.5771812080536913,
  "total_samples": 149,
  "valid_predictions": 149,
  "failed_predictions": 0,
  "parse_failure_rate": 0.0
}