{
  "": {
    "P": 0.30666800337162053,
    "R": -0.09831387330724418,
    "F1": 0.09716351527517297,
    "count": 261
  },
  "overall": {
    "P": 0.30666800337162053,
    "R": -0.09831387330724418,
    "F1": 0.09716351527517297,
    "count": 261
  }
}