{
  "": {
    "P": 0.01987179487179487,
    "R": 0.023076923076923078,
    "F1": 0.01987179487179487,
    "count": 260
  },
  "overall": {
    "P": 0.01987179487179487,
    "R": 0.023076923076923078,
    "F1": 0.01987179487179487,
    "count": 260
  }
}