{
  "": {
    "P": 0.08350266830870279,
    "R": 0.10807676518883415,
    "F1": 0.08941393855186958,
    "count": 232
  },
  "overall": {
    "P": 0.08350266830870279,
    "R": 0.10807676518883415,
    "F1": 0.08941393855186958,
    "count": 232
  }
}