{
  "": {
    "P": 0.025574712643678162,
    "R": 0.03208812260536398,
    "F1": 0.026765188834154352,
    "count": 174
  },
  "overall": {
    "P": 0.025574712643678162,
    "R": 0.03208812260536398,
    "F1": 0.026765188834154352,
    "count": 174
  }
}