{
  "": {
    "P": 0.004375804375804376,
    "R": 0.004343629343629344,
    "F1": 0.004320647177790035,
    "count": 259
  },
  "overall": {
    "P": 0.004375804375804376,
    "R": 0.004343629343629344,
    "F1": 0.004320647177790035,
    "count": 259
  }
}