{
  "": {
    "P": 0.026500638569604086,
    "R": 0.04118773946360153,
    "F1": 0.030359423462871737,
    "count": 261
  },
  "overall": {
    "P": 0.026500638569604086,
    "R": 0.04118773946360153,
    "F1": 0.030359423462871737,
    "count": 261
  }
}