{
  "": {
    "P": 0.27924054541350324,
    "R": 0.03013807217181496,
    "F1": 0.15277135090267294,
    "count": 261
  },
  "overall": {
    "P": 0.27924054541350324,
    "R": 0.03013807217181496,
    "F1": 0.15277135090267294,
    "count": 261
  }
}