Metric,Precision,Recall,F1
Macro,0.38952225757781317,0.2537432995766329,0.2679149859098568
Micro,0.543010752688172,0.23325635103926096,0.3263327948303716
