Metric,Precision,Recall,F1
Macro,0.11500634484577728,0.37285181040341003,0.1535441517072445
Micro,0.1362397820163488,0.35377358490566035,0.19672131147540983
