{
  "": {
    "P": 0.06289910600255427,
    "R": 0.08103448275862069,
    "F1": 0.06772790853250624,
    "count": 261
  },
  "overall": {
    "P": 0.06289910600255427,
    "R": 0.08103448275862069,
    "F1": 0.06772790853250624,
    "count": 261
  }
}