{
  "accuracy": 0.174496644295302,
  "f1_macro": 0.0996168582375479,
  "f1_weighted": 0.05214842243307877,
  "precision_macro": 0.058558558558558564,
  "precision_weighted": 0.03065481588971522,
  "recall_macro": 0.3333333333333333,
  "recall_weighted": 0.174496644295302,
  "total_samples": 149,
  "valid_predictions": 149,
  "failed_predictions": 0,
  "parse_failure_rate": 0.0
}