{
  "": {
    "P": 0.060600255427841636,
    "R": 0.05901295384054005,
    "F1": 0.056479961077662226,
    "count": 261
  },
  "overall": {
    "P": 0.060600255427841636,
    "R": 0.05901295384054005,
    "F1": 0.056479961077662226,
    "count": 261
  }
}