Metric,Precision,Recall,F1
Macro,0.37827669722035917,0.24412914246247583,0.24319399219048268
Micro,0.39617486338797814,0.3348729792147806,0.36295369211514394
