Metric,Precision,Recall,F1
Macro,0.3297889811764694,0.2512712287712288,0.24390497256603658
Micro,0.4005305039787798,0.34872979214780603,0.3728395061728395
