{
  "": {
    "P": -0.7852403546087586,
    "R": -0.4444749346181351,
    "F1": -0.6256919543176775,
    "count": 261
  },
  "overall": {
    "P": -0.7852403546087586,
    "R": -0.4444749346181351,
    "F1": -0.6256919543176775,
    "count": 261
  }
}