{
  "": {
    "P": 0.031072351421188634,
    "R": 0.03465762273901809,
    "F1": 0.03131229235880399,
    "count": 258
  },
  "overall": {
    "P": 0.031072351421188634,
    "R": 0.03465762273901809,
    "F1": 0.03131229235880399,
    "count": 258
  }
}