Metric,Precision,Recall,F1
Macro,0.07264957264957266,0.0625,0.03848946986201888
Micro,0.3181818181818182,0.21212121212121213,0.2545454545454545
