Metric,Precision,Recall,F1
Macro,0.22569159030958788,0.23689912856579523,0.20158434150948243
Micro,0.28870292887029286,0.3187066974595843,0.3029637760702525
