{
  "": {
    "P": 0.29370596191321297,
    "R": -0.07045622413841493,
    "F1": 0.10613614555637413,
    "count": 261
  },
  "overall": {
    "P": 0.29370596191321297,
    "R": -0.07045622413841493,
    "F1": 0.10613614555637413,
    "count": 261
  }
}