{
  "accuracy": 0.2080536912751678,
  "f1_macro": 0.14939731259270858,
  "f1_weighted": 0.11745382462927585,
  "precision_macro": 0.4943661971830986,
  "precision_weighted": 0.6138292844314208,
  "recall_macro": 0.35775335775335776,
  "recall_weighted": 0.2080536912751678,
  "total_samples": 149,
  "valid_predictions": 149,
  "failed_predictions": 0,
  "parse_failure_rate": 0.0
}