{
  "accuracy": 0.174496644295302,
  "f1_macro": 0.09904761904761905,
  "f1_weighted": 0.051850431447746884,
  "precision_macro": 0.058165548098434,
  "precision_weighted": 0.030449078870321156,
  "recall_macro": 0.3333333333333333,
  "recall_weighted": 0.174496644295302,
  "total_samples": 149,
  "valid_predictions": 149,
  "failed_predictions": 0,
  "parse_failure_rate": 0.0
}