Class,TP,FP,FN,TN,Precision,Recall,F1
Cavity,12,55,0,6,0.1791044776119403,1.0,0.3037974683544304
Fillings,57,16,0,0,0.7808219178082192,1.0,0.8769230769230769
Impacted Tooth,6,16,11,40,0.2727272727272727,0.35294117647058826,0.3076923076923077
Implant,14,13,17,29,0.5185185185185185,0.45161290322580644,0.4827586206896552
