{
  "": {
    "P": 0.2502058934939059,
    "R": 0.00020181117991952203,
    "F1": 0.12250199711799056,
    "count": 79
  },
  "overall": {
    "P": 0.2502058934939059,
    "R": 0.00020181117991952203,
    "F1": 0.12250199711799056,
    "count": 79
  }
}