Metric,Precision,Recall,F1
Macro,0.28384385177032995,0.34150865602619995,0.2775065863675281
Micro,0.3076923076923077,0.38799076212471134,0.3432073544433095
