{
  "": {
    "P": 0.3047281009505478,
    "R": 0.21880592337641794,
    "F1": 0.26217813719906113,
    "count": 261
  },
  "overall": {
    "P": 0.3047281009505478,
    "R": 0.21880592337641794,
    "F1": 0.26217813719906113,
    "count": 261
  }
}