{
  "": {
    "P": 0.165328711271286,
    "R": 0.13489635294137445,
    "F1": 0.150772250129854,
    "count": 146
  },
  "overall": {
    "P": 0.165328711271286,
    "R": 0.13489635294137445,
    "F1": 0.150772250129854,
    "count": 146
  }
}