{
  "": {
    "P": 0.29853865712652716,
    "R": 0.005916682411082467,
    "F1": 0.14914310523808375,
    "count": 261
  },
  "overall": {
    "P": 0.29853865712652716,
    "R": 0.005916682411082467,
    "F1": 0.14914310523808375,
    "count": 261
  }
}