Metric,Precision,Recall,F1
Macro,0.15560565541103222,0.28933811574162455,0.17885406275271573
Micro,0.16747572815533981,0.3187066974595843,0.21957040572792363
