{
  "": {
    "P": 0.00390625,
    "R": 0.0009765625,
    "F1": 0.0015625,
    "count": 256
  },
  "overall": {
    "P": 0.00390625,
    "R": 0.0009765625,
    "F1": 0.0015625,
    "count": 256
  }
}