Class,TP,FP,FN,TN,Precision,Recall,F1
C1,9,48,9,195,0.15789473684210525,0.5,0.24
C2,1,2,24,234,0.3333333333333333,0.04,0.07142857142857142
C3,0,1,19,241,0.0,0.0,0.0
C4,1,1,23,236,0.5,0.041666666666666664,0.07692307692307693
C5,0,1,39,221,0.0,0.0,0.0
C6,12,20,40,189,0.375,0.23076923076923078,0.2857142857142857
C7,18,67,26,150,0.21176470588235294,0.4090909090909091,0.27906976744186046
C8,1,1,24,235,0.5,0.04,0.07407407407407407
C9,0,1,2,258,0.0,0.0,0.0
C10,3,27,7,224,0.1,0.3,0.15
C11,3,3,18,237,0.5,0.14285714285714285,0.2222222222222222
C12,3,1,2,255,0.75,0.6,0.6666666666666666
C13,1,0,36,224,1.0,0.02702702702702703,0.05263157894736842
C14,12,11,66,172,0.5217391304347826,0.15384615384615385,0.2376237623762376
C15,27,1,1,232,0.9642857142857143,0.9642857142857143,0.9642857142857143
C16,0,4,1,256,0.0,0.0,0.0
C17,0,3,1,257,0.0,0.0,0.0
C18,0,1,4,256,0.0,0.0,0.0
