Metric,Precision,Recall,F1
Macro,0.3285565344876827,0.1916412691412691,0.18447998444889324
Micro,0.3204225352112676,0.21016166281755197,0.25383542538354253
