{
  "accuracy": 0.4899328859060403,
  "f1_macro": 0.39200164914450636,
  "f1_weighted": 0.4529657622658581,
  "precision_macro": 0.39148573861217545,
  "precision_weighted": 0.46747923577361206,
  "recall_macro": 0.4758852258852259,
  "recall_weighted": 0.4899328859060403,
  "total_samples": 149,
  "valid_predictions": 149,
  "failed_predictions": 0,
  "parse_failure_rate": 0.0
}