Class,Precision,Recall,F1,Support
CVM-S1,0.0,0.0,0.0,4.0
CVM-S2,0.0,0.0,0.0,4.0
CVM-S3,0.047619047619047616,1.0,0.09090909090909091,6.0
CVM-S4,0.0,0.0,0.0,32.0
CVM-S5,0.0,0.0,0.0,59.0
CVM-S6,0.0,0.0,0.0,21.0
