{
  "bertscore_f1": 0.16573771415635144,
  "bertscore_precision": 0.28052377859951205,
  "bertscore_recall": 0.053915204146209664,
  "total_samples": 261
}