{
  "": {
    "P": 0.13839662447257384,
    "R": 0.1552742616033755,
    "F1": 0.14183242917420133,
    "count": 79
  },
  "overall": {
    "P": 0.13839662447257384,
    "R": 0.1552742616033755,
    "F1": 0.14183242917420133,
    "count": 79
  }
}