Metric,Precision,Recall,F1
Macro,0.027777777777777776,0.0007122507122507122,0.001388888888888889
Micro,0.14285714285714285,0.0023094688221709007,0.004545454545454545
