{
  "": {
    "P": 0.28132201457160644,
    "R": 0.09932155371375981,
    "F1": 0.18972999145458827,
    "count": 261
  },
  "overall": {
    "P": 0.28132201457160644,
    "R": 0.09932155371375981,
    "F1": 0.18972999145458827,
    "count": 261
  }
}