{
  "": {
    "P": -0.948379170977407,
    "R": -0.44233437316399427,
    "F1": -0.7126208181810562,
    "count": 261
  },
  "overall": {
    "P": -0.948379170977407,
    "R": -0.44233437316399427,
    "F1": -0.7126208181810562,
    "count": 261
  }
}