{
  "": {
    "P": 0.15044443025733992,
    "R": 0.16083419000737226,
    "F1": 0.15675583165222487,
    "count": 223
  },
  "overall": {
    "P": 0.15044443025733992,
    "R": 0.16083419000737226,
    "F1": 0.15675583165222487,
    "count": 223
  }
}