Metric,Precision,Recall,F1
Macro,0.3361542596836714,0.29737084964386756,0.3005421582954124
Micro,0.40540540540540543,0.3177966101694915,0.35629453681710216
