{
  "": {
    "P": 0.31188906178278025,
    "R": 0.20281454037261193,
    "F1": 0.25764683574095537,
    "count": 261
  },
  "overall": {
    "P": 0.31188906178278025,
    "R": 0.20281454037261193,
    "F1": 0.25764683574095537,
    "count": 261
  }
}