{
  "": {
    "P": 0.30338957469011174,
    "R": 0.04841724220552692,
    "F1": 0.17379067514191643,
    "count": 261
  },
  "overall": {
    "P": 0.30338957469011174,
    "R": 0.04841724220552692,
    "F1": 0.17379067514191643,
    "count": 261
  }
}