{
  "": {
    "P": 0.07278781244298485,
    "R": 0.0856413063309615,
    "F1": 0.07497525888330486,
    "count": 261
  },
  "overall": {
    "P": 0.07278781244298485,
    "R": 0.0856413063309615,
    "F1": 0.07497525888330486,
    "count": 261
  }
}