{
  "": {
    "P": 0.2513580602283279,
    "R": -0.06412116436675812,
    "F1": 0.08930759093568971,
    "count": 150
  },
  "overall": {
    "P": 0.2513580602283279,
    "R": -0.06412116436675812,
    "F1": 0.08930759093568971,
    "count": 150
  }
}