{
  "": {
    "P": 0.24547019563758055,
    "R": 0.04878302023893711,
    "F1": 0.1463904165238199,
    "count": 261
  },
  "overall": {
    "P": 0.24547019563758055,
    "R": 0.04878302023893711,
    "F1": 0.1463904165238199,
    "count": 261
  }
}