{
  "bertscore_f1": 0.24061057532484503,
  "bertscore_precision": 0.29058617627483674,
  "bertscore_recall": 0.18994724328569013,
  "total_samples": 261
}