{
  "": {
    "P": 0.03403575989782886,
    "R": 0.0359514687100894,
    "F1": 0.03421516754850088,
    "count": 261
  },
  "overall": {
    "P": 0.03403575989782886,
    "R": 0.0359514687100894,
    "F1": 0.03421516754850088,
    "count": 261
  }
}