{
  "": {
    "P": 0.08337894544791097,
    "R": 0.09077266922094508,
    "F1": 0.08115360586624955,
    "count": 261
  },
  "overall": {
    "P": 0.08337894544791097,
    "R": 0.09077266922094508,
    "F1": 0.08115360586624955,
    "count": 261
  }
}