Metric,Precision,Recall,F1
Macro,0.2455266414411842,0.20989279239279238,0.1563393114871011
Micro,0.2254697286012526,0.24942263279445728,0.23684210526315788
