Metric,Precision,Recall,F1
Macro,0.3545719960295429,0.29086278502945173,0.2517851254001786
Micro,0.3346153846153846,0.4018475750577367,0.3651626442812172
