{
  "": {
    "P": 0.29058617627483674,
    "R": 0.18994724328569013,
    "F1": 0.24061057532484503,
    "count": 261
  },
  "overall": {
    "P": 0.29058617627483674,
    "R": 0.18994724328569013,
    "F1": 0.24061057532484503,
    "count": 261
  }
}