Metric,Precision,Recall,F1
Macro,0.3055555555555556,0.08238705738705739,0.10721073227004606
Micro,0.8085106382978723,0.08775981524249422,0.15833333333333333
