{
  "": {
    "P": 0.0025542784163473816,
    "R": 0.004789272030651341,
    "F1": 0.0030103995621237004,
    "count": 261
  },
  "overall": {
    "P": 0.0025542784163473816,
    "R": 0.004789272030651341,
    "F1": 0.0030103995621237004,
    "count": 261
  }
}