Metric,Precision,Recall,F1
Macro,0.10817543571742899,0.42404843388825086,0.15492230378742733
Micro,0.11156542056074767,0.4441860465116279,0.17833800186741364
