{
  "": {
    "P": 0.06638418079096045,
    "R": 0.0903954802259887,
    "F1": 0.07401129943502824,
    "count": 118
  },
  "overall": {
    "P": 0.06638418079096045,
    "R": 0.0903954802259887,
    "F1": 0.07401129943502824,
    "count": 118
  }
}