Metric,Precision,Recall,F1
Macro,0.36185897435897435,0.20266317266317266,0.2233843533551136
Micro,0.48598130841121495,0.24018475750577367,0.321483771251932
