{
  "": {
    "P": 0.2921829748456277,
    "R": 0.2134452700887903,
    "F1": 0.253034306354678,
    "count": 261
  },
  "overall": {
    "P": 0.2921829748456277,
    "R": 0.2134452700887903,
    "F1": 0.253034306354678,
    "count": 261
  }
}