Metric,Precision,Recall,F1
Macro,0.27050264550264547,0.0924277757611091,0.12920474587141254
Micro,0.49230769230769234,0.07390300230946882,0.1285140562248996
