Metric,Precision,Recall,F1
Macro,0.27479767461269494,0.28424991591658255,0.2592863979129481
Micro,0.33827893175074186,0.2632794457274827,0.2961038961038961
