{
  "accuracy": 0.5033557046979866,
  "f1_macro": 0.2667548500881834,
  "f1_weighted": 0.4080110791520188,
  "precision_macro": 0.2577243018419489,
  "precision_weighted": 0.3648207300003589,
  "recall_macro": 0.3159340659340659,
  "recall_weighted": 0.5033557046979866,
  "total_samples": 149,
  "valid_predictions": 149,
  "failed_predictions": 0,
  "parse_failure_rate": 0.0
}