{
  "code_rpt_00048": {
    "bleu": 5.262119009913635e-07,
    "meteor": 0.02436647173489279,
    "cosine_sim": 0.0
  },
  "code_rpt_00054": {
    "bleu": 2.0414313195348673e-07,
    "meteor": 0.03672600248827639,
    "cosine_sim": 0.0
  },
  "code_rpt_00069": {
    "bleu": 3.710964110598262e-07,
    "meteor": 0.028011204481792718,
    "cosine_sim": 0.0
  },
  "code_rpt_00067": {
    "bleu": 5.39617347022078e-06,
    "meteor": 0.022197558268590455,
    "cosine_sim": 0.0
  },
  "code_rpt_00089": {
    "bleu": 2.0414313195348673e-07,
    "meteor": 0.026041666666666668,
    "cosine_sim": 0.0
  },
  "code_rpt_00027": {
    "bleu": 0.0012370955471156895,
    "meteor": 0.020449897750511245,
    "cosine_sim": 0.0
  },
  "code_rpt_00107": {
    "bleu": 0.00012729367216530513,
    "meteor": 0.01874414245548266,
    "cosine_sim": 0.0
  },
  "code_rpt_00139": {
    "bleu": 6.079758682295809e-10,
    "meteor": 0.018315018315018316,
    "cosine_sim": 0.0
  },
  "code_rpt_00141": {
    "bleu": 0.00014659766064994482,
    "meteor": 0.059355425338452214,
    "cosine_sim": 0.0
  },
  "code_rpt_00171": {
    "bleu": 3.773966664510196e-10,
    "meteor": 0.0,
    "cosine_sim": 0.0
  },
  "code_rpt_00195": {
    "bleu": 5.159329318870585e-05,
    "meteor": 0.024509803921568627,
    "cosine_sim": 0.0
  },
  "code_rpt_00205": {
    "bleu": 1.349550615233717e-05,
    "meteor": 0.024125452352231607,
    "cosine_sim": 0.0
  },
  "code_rpt_00222": {
    "bleu": 8.185438249732967e-06,
    "meteor": 0.023364485981308407,
    "cosine_sim": 0.0
  },
  "code_rpt_00204": {
    "bleu": 2.948417776058573e-05,
    "meteor": 0.027149321266968323,
    "cosine_sim": 0.0
  },
  "code_rpt_00420": {
    "bleu": 1.205334374147188e-06,
    "meteor": 0.0,
    "cosine_sim": 0.0
  },
  "code_rpt_00423": {
    "bleu": 1.4737446261645352e-07,
    "meteor": 0.02170138888888889,
    "cosine_sim": 0.0
  },
  "code_rpt_00421": {
    "bleu": 1.5368283217276183e-07,
    "meteor": 0.01806684733514002,
    "cosine_sim": 0.0
  },
  "code_rpt_00450": {
    "bleu": 2.127543266460067e-06,
    "meteor": 0.03236245954692557,
    "cosine_sim": 0.0
  },
  "code_rpt_00462": {
    "bleu": 9.35439386444161e-08,
    "meteor": 0.02120441051738762,
    "cosine_sim": 0.0
  },
  "code_rpt_00499": {
    "bleu": 3.809206929682655e-05,
    "meteor": 0.03949854027133779,
    "cosine_sim": 0.0
  },
  "code_rpt_00525": {
    "bleu": 2.9665831360350664e-08,
    "meteor": 0.020729684908789386,
    "cosine_sim": 0.0
  },
  "code_rpt_00511": {
    "bleu": 2.349983708567052e-06,
    "meteor": 0.02244668911335578,
    "cosine_sim": 0.0
  },
  "code_rpt_00503": {
    "bleu": 8.588802465774834e-06,
    "meteor": 0.036231884057971016,
    "cosine_sim": 0.0
  },
  "code_rpt_00508": {
    "bleu": 1.0708593722070248e-06,
    "meteor": 0.037206709327128176,
    "cosine_sim": 0.0
  },
  "code_rpt_00529": {
    "bleu": 0.00027566210723170597,
    "meteor": 0.02531645569620253,
    "cosine_sim": 0.0
  },
  "code_rpt_00581": {
    "bleu": 1.9537957017233185e-08,
    "meteor": 0.011102886750555142,
    "cosine_sim": 0.0
  }
}