{
  "": {
    "P": 0.09167122787812443,
    "R": 0.11920726144864077,
    "F1": 0.09725366162147772,
    "count": 261
  },
  "overall": {
    "P": 0.09167122787812443,
    "R": 0.11920726144864077,
    "F1": 0.09725366162147772,
    "count": 261
  }
}