{
  "accuracy": 0.5033557046979866,
  "f1_macro": 0.28364779874213836,
  "f1_weighted": 0.41932379384576424,
  "precision_macro": 0.27492559523809523,
  "precision_weighted": 0.3786852828379674,
  "recall_macro": 0.3250915750915751,
  "recall_weighted": 0.5033557046979866,
  "total_samples": 149,
  "valid_predictions": 149,
  "failed_predictions": 0,
  "parse_failure_rate": 0.0
}