,precision,recall,f1-score,support
Grade_1,0.0,0.0,0.0,26.0
Grade_2,0.5390625,0.8214285714285714,0.6509433962264151,84.0
Grade_3,0.2857142857142857,0.15384615384615385,0.2,39.0
accuracy,0.5033557046979866,0.5033557046979866,0.5033557046979866,0.5033557046979866
macro avg,0.27492559523809523,0.3250915750915751,0.28364779874213836,149.0
weighted avg,0.3786852828379674,0.5033557046979866,0.41932379384576424,149.0
