Metric,Precision,Recall,F1
Macro,0.09252873563218392,0.37867612266735073,0.1396233662499376
Micro,0.11222780569514237,0.46420323325635104,0.18075539568345322
