Class,TP,FP,FN,TN,Precision,Recall,F1
Permanent teeth,30,194,0,0,0.13392857142857142,1.0,0.23622047244094488
Primary teeth,0,0,211,13,0.0,0.0,0.0
