{
  "": {
    "P": 0.2942231185306078,
    "R": 0.06946418067868362,
    "F1": 0.18044193301321332,
    "count": 261
  },
  "overall": {
    "P": 0.2942231185306078,
    "R": 0.06946418067868362,
    "F1": 0.18044193301321332,
    "count": 261
  }
}