Metric,Precision,Recall,F1
Macro,0.35038212815990594,0.08855650522317189,0.09347154779930188
Micro,0.38028169014084506,0.18706697459584296,0.25077399380804954
