{
  "": {
    "P": 0.3035219173835612,
    "R": 0.2117131622204864,
    "F1": 0.25767688207699424,
    "count": 261
  },
  "overall": {
    "P": 0.3035219173835612,
    "R": 0.2117131622204864,
    "F1": 0.25767688207699424,
    "count": 261
  }
}