{
  "": {
    "P": 0.24028920708224177,
    "R": -0.023378133595946968,
    "F1": 0.10509357340116468,
    "count": 72
  },
  "overall": {
    "P": 0.24028920708224177,
    "R": -0.023378133595946968,
    "F1": 0.10509357340116468,
    "count": 72
  }
}