Class,TP,FP,FN,TN,Precision,Recall,F1
Permanent teeth,0,23,31,172,0.0,0.0,0.0
Primary teeth,190,13,23,0,0.9359605911330049,0.892018779342723,0.9134615384615384
