{
  "": {
    "P": 0.017127799736495388,
    "R": 0.019762845849802372,
    "F1": 0.015019762845849802,
    "count": 253
  },
  "overall": {
    "P": 0.017127799736495388,
    "R": 0.019762845849802372,
    "F1": 0.015019762845849802,
    "count": 253
  }
}