{
  "accuracy": 0.5637583892617449,
  "f1_macro": 0.24034334763948498,
  "f1_weighted": 0.406486735605035,
  "precision_macro": 0.1879194630872483,
  "precision_weighted": 0.31782352146299714,
  "recall_macro": 0.3333333333333333,
  "recall_weighted": 0.5637583892617449,
  "total_samples": 149,
  "valid_predictions": 149,
  "failed_predictions": 0,
  "parse_failure_rate": 0.0
}