{
  "": {
    "P": 0.04578544061302683,
    "R": 0.053201970443349754,
    "F1": 0.04687709055525147,
    "count": 261
  },
  "overall": {
    "P": 0.04578544061302683,
    "R": 0.053201970443349754,
    "F1": 0.04687709055525147,
    "count": 261
  }
}