{
  "": {
    "P": -0.7209691857398127,
    "R": -0.42968085619453267,
    "F1": -0.5856841766914188,
    "count": 261
  },
  "overall": {
    "P": -0.7209691857398127,
    "R": -0.42968085619453267,
    "F1": -0.5856841766914188,
    "count": 261
  }
}