{
  "": {
    "P": -0.9104607094724018,
    "R": -0.40194663886840526,
    "F1": -0.677898595492857,
    "count": 260
  },
  "overall": {
    "P": -0.9104607094724018,
    "R": -0.40194663886840526,
    "F1": -0.677898595492857,
    "count": 260
  }
}