Metric,Precision,Recall,F1
Macro,0.2222222222222222,0.07872405372405372,0.09470164609053497
Micro,0.8108108108108109,0.06928406466512702,0.1276595744680851
