{
  "": {
    "P": 0.26509260949565144,
    "R": -0.019963107960548523,
    "F1": 0.11840916040322244,
    "count": 82
  },
  "overall": {
    "P": 0.26509260949565144,
    "R": -0.019963107960548523,
    "F1": 0.11840916040322244,
    "count": 82
  }
}