Metric,Precision,Recall,F1
Macro,0.3866924689463075,0.3209639597126697,0.3295354661228846
Micro,0.3972972972972973,0.3402777777777778,0.36658354114713215
