Class,TP,FP,FN,TN,Precision,Recall,F1
C1,0,5,18,238,0.0,0.0,0.0
C2,0,1,25,235,0.0,0.0,0.0
C3,0,1,19,241,0.0,0.0,0.0
C4,0,1,24,236,0.0,0.0,0.0
C5,0,1,39,221,0.0,0.0,0.0
C6,0,1,52,208,0.0,0.0,0.0
C7,0,1,44,216,0.0,0.0,0.0
C8,0,1,25,235,0.0,0.0,0.0
C9,0,1,2,258,0.0,0.0,0.0
C10,0,1,10,250,0.0,0.0,0.0
C11,0,1,21,239,0.0,0.0,0.0
C12,0,1,5,255,0.0,0.0,0.0
C13,0,1,37,223,0.0,0.0,0.0
C14,17,30,61,153,0.3617021276595745,0.21794871794871795,0.272
C15,0,0,28,233,0.0,0.0,0.0
C16,0,0,1,260,0.0,0.0,0.0
C17,0,0,1,260,0.0,0.0,0.0
C18,0,0,4,257,0.0,0.0,0.0
