Metric,Precision,Recall,F1
Macro,0.02009456264775414,0.01210826210826211,0.015111111111111112
Micro,0.265625,0.03926096997690531,0.06841046277665996
