{
  "": {
    "P": 0.26958327820360434,
    "R": 0.08841896824310337,
    "F1": 0.17850284054661278,
    "count": 261
  },
  "overall": {
    "P": 0.26958327820360434,
    "R": 0.08841896824310337,
    "F1": 0.17850284054661278,
    "count": 261
  }
}