Class,TP,FP,FN,TN,Precision,Recall,F1
C1,12,26,6,217,0.3157894736842105,0.6666666666666666,0.42857142857142855
C2,2,4,23,232,0.3333333333333333,0.08,0.12903225806451613
C3,0,0,19,242,0.0,0.0,0.0
C4,16,67,8,170,0.1927710843373494,0.6666666666666666,0.29906542056074764
C5,0,0,39,222,0.0,0.0,0.0
C6,25,42,27,167,0.373134328358209,0.4807692307692308,0.42016806722689076
C7,17,29,27,188,0.3695652173913043,0.38636363636363635,0.37777777777777777
C8,3,4,22,232,0.42857142857142855,0.12,0.1875
C9,0,0,2,259,0.0,0.0,0.0
C10,3,1,7,250,0.75,0.3,0.42857142857142855
C11,13,57,8,183,0.18571428571428572,0.6190476190476191,0.2857142857142857
C12,4,1,1,255,0.8,0.8,0.8
C13,16,76,21,148,0.17391304347826086,0.43243243243243246,0.24806201550387597
C14,8,17,70,166,0.32,0.10256410256410256,0.1553398058252427
C15,27,0,1,233,1.0,0.9642857142857143,0.9818181818181818
C16,0,0,1,260,0.0,0.0,0.0
C17,0,2,1,258,0.0,0.0,0.0
C18,2,1,2,256,0.6666666666666666,0.5,0.5714285714285714
