Metric,Precision,Recall,F1
Macro,0.32830327008528043,0.33993311493311495,0.2951694022812748
Micro,0.31157894736842107,0.3418013856812933,0.32599118942731276
