{
  "bertscore_f1": 0.18972999145458827,
  "bertscore_precision": 0.28132201457160644,
  "bertscore_recall": 0.09932155371375981,
  "total_samples": 261
}