{
  "code_rpt_00054": {
    "bleu": 0.1653313260977196,
    "meteor": 0.5993479519723935,
    "cosine_sim": 0.9292895197868347
  },
  "code_rpt_00048": {
    "bleu": 0.07680831640825124,
    "meteor": 0.6084157572104668,
    "cosine_sim": 0.9573987722396851
  },
  "code_rpt_00027": {
    "bleu": 0.02927369145110546,
    "meteor": 0.5327044025157233,
    "cosine_sim": 0.7179737687110901
  },
  "code_rpt_00069": {
    "bleu": 0.06751415791932795,
    "meteor": 0.7028828031868974,
    "cosine_sim": 0.971028208732605
  },
  "code_rpt_00053": {
    "bleu": 0.10396268571652267,
    "meteor": 0.6982478471937735,
    "cosine_sim": 0.9511887431144714
  },
  "code_rpt_00073": {
    "bleu": 0.018153977717469887,
    "meteor": 0.37194823306161495,
    "cosine_sim": 0.7791624069213867
  },
  "code_rpt_00107": {
    "bleu": 0.03589258286206215,
    "meteor": 0.3840950167298868,
    "cosine_sim": 0.8008560538291931
  },
  "code_rpt_00139": {
    "bleu": 0.09991782385046635,
    "meteor": 0.48584924657975986,
    "cosine_sim": 0.8332568407058716
  },
  "code_rpt_00141": {
    "bleu": 0.05104862468136286,
    "meteor": 0.4133652775335561,
    "cosine_sim": 0.686581552028656
  },
  "code_rpt_00171": {
    "bleu": 0.026012125658685634,
    "meteor": 0.25414927576634483,
    "cosine_sim": 0.6200994849205017
  },
  "code_rpt_00195": {
    "bleu": 0.030178834023643967,
    "meteor": 0.38027341162300515,
    "cosine_sim": 0.8288702964782715
  },
  "code_rpt_00204": {
    "bleu": 0.0785099784145649,
    "meteor": 0.28628619057241,
    "cosine_sim": 0.6801645755767822
  },
  "code_rpt_00205": {
    "bleu": 0.0439955267313704,
    "meteor": 0.37138991726469084,
    "cosine_sim": 0.6464931964874268
  },
  "code_rpt_00222": {
    "bleu": 0.034003187081496716,
    "meteor": 0.42061032210571675,
    "cosine_sim": 0.7940757274627686
  },
  "code_rpt_00356": {
    "bleu": 0.03180891521457798,
    "meteor": 0.33033925995802826,
    "cosine_sim": 0.6093037128448486
  },
  "code_rpt_00420": {
    "bleu": 0.04399097460790705,
    "meteor": 0.38623500540918926,
    "cosine_sim": 0.7921029925346375
  },
  "code_rpt_00421": {
    "bleu": 0.08003033251318156,
    "meteor": 0.639102425910115,
    "cosine_sim": 0.8423153758049011
  },
  "code_rpt_00423": {
    "bleu": 0.08954819706970235,
    "meteor": 0.6661038332249304,
    "cosine_sim": 0.9647481441497803
  },
  "code_rpt_00449": {
    "bleu": 0.04540160384817835,
    "meteor": 0.40524157892676294,
    "cosine_sim": 0.7833765745162964
  },
  "code_rpt_00462": {
    "bleu": 0.07593516043555075,
    "meteor": 0.6103223670269126,
    "cosine_sim": 0.9632377028465271
  },
  "code_rpt_00450": {
    "bleu": 0.07518875147132267,
    "meteor": 0.5872398875953988,
    "cosine_sim": 0.7885334491729736
  },
  "code_rpt_00499": {
    "bleu": 0.021614134155661772,
    "meteor": 0.311839911061701,
    "cosine_sim": 0.7340602874755859
  },
  "code_rpt_00503": {
    "bleu": 0.04665114127364571,
    "meteor": 0.34689274891351524,
    "cosine_sim": 0.5639138221740723
  },
  "code_rpt_00508": {
    "bleu": 0.07402088876584183,
    "meteor": 0.5841752874719908,
    "cosine_sim": 0.9086558222770691
  },
  "code_rpt_00511": {
    "bleu": 0.04581193102000816,
    "meteor": 0.3540017590149516,
    "cosine_sim": 0.6852260828018188
  },
  "code_rpt_00515": {
    "bleu": 0.03266440338341057,
    "meteor": 0.24477483685908255,
    "cosine_sim": 0.5913242101669312
  },
  "code_rpt_00525": {
    "bleu": 0.07530488335353704,
    "meteor": 0.5285026422732418,
    "cosine_sim": 0.930054247379303
  },
  "code_rpt_00529": {
    "bleu": 0.03649823270674794,
    "meteor": 0.4504223853792205,
    "cosine_sim": 0.8668789863586426
  },
  "code_rpt_00581": {
    "bleu": 0.0484775382059709,
    "meteor": 0.44825726833105506,
    "cosine_sim": 0.7840717434883118
  }
}