{
  "": {
    "P": 0.02681992337164751,
    "R": 0.02164750957854406,
    "F1": 0.022338325786601648,
    "count": 261
  },
  "overall": {
    "P": 0.02681992337164751,
    "R": 0.02164750957854406,
    "F1": 0.022338325786601648,
    "count": 261
  }
}