{
  "": {
    "P": 0.04915646258503402,
    "R": 0.06242857142857143,
    "F1": 0.052935064935064925,
    "count": 175
  },
  "overall": {
    "P": 0.04915646258503402,
    "R": 0.06242857142857143,
    "F1": 0.052935064935064925,
    "count": 175
  }
}