{
  "": {
    "P": 0.04540229885057471,
    "R": 0.04853128991060025,
    "F1": 0.04311865231405461,
    "count": 261
  },
  "overall": {
    "P": 0.04540229885057471,
    "R": 0.04853128991060025,
    "F1": 0.04311865231405461,
    "count": 261
  }
}