{
  "": {
    "P": 0.1276728699142492,
    "R": 0.15048804962598067,
    "F1": 0.13260409237420734,
    "count": 261
  },
  "overall": {
    "P": 0.1276728699142492,
    "R": 0.15048804962598067,
    "F1": 0.13260409237420734,
    "count": 261
  }
}