{
  "": {
    "P": 0.0017123287671232876,
    "R": 0.003424657534246575,
    "F1": 0.00228310502283105,
    "count": 146
  },
  "overall": {
    "P": 0.0017123287671232876,
    "R": 0.003424657534246575,
    "F1": 0.00228310502283105,
    "count": 146
  }
}