{
  "": {
    "P": 0.039959016393442626,
    "R": 0.05806010928961749,
    "F1": 0.04460382513661202,
    "count": 244
  },
  "overall": {
    "P": 0.039959016393442626,
    "R": 0.05806010928961749,
    "F1": 0.04460382513661202,
    "count": 244
  }
}