Metric,Precision,Recall,F1
Macro,0.0872584541062802,0.9444444444444444,0.15050637819448232
Micro,0.08725845410628019,1.0,0.1605109691752291
