{
  "": {
    "P": 0.04718059162034785,
    "R": -0.2862764848439392,
    "F1": -0.12871952902935346,
    "count": 261
  },
  "overall": {
    "P": 0.04718059162034785,
    "R": -0.2862764848439392,
    "F1": -0.12871952902935346,
    "count": 261
  }
}