{
  "": {
    "P": -0.943503048016163,
    "R": -0.4017457553780958,
    "F1": -0.6908118570315056,
    "count": 244
  },
  "overall": {
    "P": -0.943503048016163,
    "R": -0.4017457553780958,
    "F1": -0.6908118570315056,
    "count": 244
  }
}