{
  "": {
    "P": 0.04927932858967341,
    "R": 0.050670498084291186,
    "F1": 0.04907255367025482,
    "count": 261
  },
  "overall": {
    "P": 0.04927932858967341,
    "R": 0.050670498084291186,
    "F1": 0.04907255367025482,
    "count": 261
  }
}