Metric,Precision,Recall,F1
Macro,0.016602809706257982,0.05555555555555555,0.025565388397246803
Micro,0.2988505747126437,0.18013856812933027,0.22478386167146974
