Metric,Precision,Recall,F1
Macro,0.43561873596483136,0.43935968602635267,0.39631061193892775
Micro,0.3587140439932318,0.4896073903002309,0.4140625
