{
  "": {
    "P": 0.06157407407407408,
    "R": 0.0736111111111111,
    "F1": 0.06324588477366254,
    "count": 216
  },
  "overall": {
    "P": 0.06157407407407408,
    "R": 0.0736111111111111,
    "F1": 0.06324588477366254,
    "count": 216
  }
}