Metric,Precision,Recall,F1
Macro,0.45481462981462983,0.23853036054790444,0.2590097832187822
Micro,0.49504950495049505,0.23094688221709006,0.31496062992125984
