{
  "accuracy": 0.4563758389261745,
  "f1_macro": 0.4020752734064865,
  "f1_weighted": 0.456820586571249,
  "precision_macro": 0.39943415637860086,
  "precision_weighted": 0.46223278647775295,
  "recall_macro": 0.41300366300366304,
  "recall_weighted": 0.4563758389261745,
  "total_samples": 149,
  "valid_predictions": 149,
  "failed_predictions": 0,
  "parse_failure_rate": 0.0
}