Metric,Precision,Recall,F1
Macro,0.05555555555555555,0.05555555555555555,0.05555555555555555
Micro,0.75,0.3333333333333333,0.46153846153846156
