{
  "": {
    "P": 0.1303503010399562,
    "R": 0.15395913154533844,
    "F1": 0.135423197492163,
    "count": 261
  },
  "overall": {
    "P": 0.1303503010399562,
    "R": 0.15395913154533844,
    "F1": 0.135423197492163,
    "count": 261
  }
}