{
  "": {
    "P": 0.001282051282051282,
    "R": 0.0038461538461538464,
    "F1": 0.0019230769230769232,
    "count": 260
  },
  "overall": {
    "P": 0.001282051282051282,
    "R": 0.0038461538461538464,
    "F1": 0.0019230769230769232,
    "count": 260
  }
}