{
  "": {
    "P": 0.28873847907416206,
    "R": 0.12098407853837215,
    "F1": 0.20454814935181562,
    "count": 261
  },
  "overall": {
    "P": 0.28873847907416206,
    "R": 0.12098407853837215,
    "F1": 0.20454814935181562,
    "count": 261
  }
}