{
  "": {
    "P": 0.30853487482701225,
    "R": 0.22288562629864306,
    "F1": 0.2661993044260818,
    "count": 261
  },
  "overall": {
    "P": 0.30853487482701225,
    "R": 0.22288562629864306,
    "F1": 0.2661993044260818,
    "count": 261
  }
}