{
  "": {
    "P": 0.028735632183908046,
    "R": 0.03301404853128991,
    "F1": 0.02897281517971173,
    "count": 261
  },
  "overall": {
    "P": 0.028735632183908046,
    "R": 0.03301404853128991,
    "F1": 0.02897281517971173,
    "count": 261
  }
}