{
  "": {
    "P": 0.25912842231577843,
    "R": 0.003539708651061673,
    "F1": 0.12843570705874327,
    "count": 261
  },
  "overall": {
    "P": 0.25912842231577843,
    "R": 0.003539708651061673,
    "F1": 0.12843570705874327,
    "count": 261
  }
}