{
  "accuracy": 0.5570469798657718,
  "f1_macro": 0.2385057471264368,
  "f1_weighted": 0.4033788474890072,
  "precision_macro": 0.18693693693693694,
  "precision_weighted": 0.31616179938327593,
  "recall_macro": 0.32936507936507936,
  "recall_weighted": 0.5570469798657718,
  "total_samples": 149,
  "valid_predictions": 149,
  "failed_predictions": 0,
  "parse_failure_rate": 0.0
}