{
  "": {
    "P": 0.2593796435615112,
    "R": 0.08874912589848205,
    "F1": 0.17372990175332317,
    "count": 261
  },
  "overall": {
    "P": 0.2593796435615112,
    "R": 0.08874912589848205,
    "F1": 0.17372990175332317,
    "count": 261
  }
}