{
  "": {
    "P": 0.23531584904111666,
    "R": 0.12501492059853828,
    "F1": 0.1798630702876668,
    "count": 261
  },
  "overall": {
    "P": 0.23531584904111666,
    "R": 0.12501492059853828,
    "F1": 0.1798630702876668,
    "count": 261
  }
}