{
  "": {
    "P": 0.27030281109157306,
    "R": 0.02370020776639837,
    "F1": 0.14378578714265663,
    "count": 232
  },
  "overall": {
    "P": 0.27030281109157306,
    "R": 0.02370020776639837,
    "F1": 0.14378578714265663,
    "count": 232
  }
}