{
  "": {
    "P": 0.321152250314581,
    "R": 0.03926811253010131,
    "F1": 0.1773575045796418,
    "count": 261
  },
  "overall": {
    "P": 0.321152250314581,
    "R": 0.03926811253010131,
    "F1": 0.1773575045796418,
    "count": 261
  }
}