Metric,Precision,Recall,F1
Macro,0.3735391683667546,0.2406895675755325,0.25763727251762847
Micro,0.35361216730038025,0.21478060046189376,0.2672413793103448
