{
  "": {
    "P": 0.07076923076923076,
    "R": 0.07769230769230769,
    "F1": 0.07012820512820513,
    "count": 260
  },
  "overall": {
    "P": 0.07076923076923076,
    "R": 0.07769230769230769,
    "F1": 0.07012820512820513,
    "count": 260
  }
}