{
  "accuracy": 0.5033557046979866,
  "f1_macro": 0.34993811881188125,
  "f1_weighted": 0.45278963718519505,
  "precision_macro": 0.44361581920903953,
  "precision_weighted": 0.4710817881924696,
  "recall_macro": 0.35622710622710624,
  "recall_weighted": 0.5033557046979866,
  "total_samples": 149,
  "valid_predictions": 149,
  "failed_predictions": 0,
  "parse_failure_rate": 0.0
}