{
  "accuracy": 0.5369127516778524,
  "f1_macro": 0.48169214531665644,
  "f1_weighted": 0.5304547136840654,
  "precision_macro": 0.4747283077453855,
  "precision_weighted": 0.5285353567512935,
  "recall_macro": 0.49603174603174605,
  "recall_weighted": 0.5369127516778524,
  "total_samples": 149,
  "valid_predictions": 149,
  "failed_predictions": 0,
  "parse_failure_rate": 0.0
}