{
  "": {
    "P": 0.2728679591283145,
    "R": 0.07159736052055583,
    "F1": 0.1711472462723567,
    "count": 261
  },
  "overall": {
    "P": 0.2728679591283145,
    "R": 0.07159736052055583,
    "F1": 0.1711472462723567,
    "count": 261
  }
}