{
  "": {
    "P": -0.5024625886538533,
    "R": -0.4811011748067264,
    "F1": -0.5051791588008632,
    "count": 261
  },
  "overall": {
    "P": -0.5024625886538533,
    "R": -0.4811011748067264,
    "F1": -0.5051791588008632,
    "count": 261
  }
}