Metric,Precision,Recall,F1
Macro,0.21977665844737684,0.2328026661359995,0.19268003174014187
Micro,0.2899786780383795,0.3140877598152425,0.30155210643015523
