{
  "": {
    "P": 0.04702897621185559,
    "R": 0.04682230869001296,
    "F1": 0.045045493110207425,
    "count": 257
  },
  "overall": {
    "P": 0.04702897621185559,
    "R": 0.04682230869001296,
    "F1": 0.045045493110207425,
    "count": 257
  }
}