{
  "": {
    "P": 0.27516723604037846,
    "R": 0.15618779382113568,
    "F1": 0.21600202922049153,
    "count": 261
  },
  "overall": {
    "P": 0.27516723604037846,
    "R": 0.15618779382113568,
    "F1": 0.21600202922049153,
    "count": 261
  }
}