{
  "accuracy": 0.5704697986577181,
  "f1_macro": 0.2662337662337662,
  "f1_weighted": 0.42247014730236204,
  "precision_macro": 0.35714285714285715,
  "precision_weighted": 0.40939597315436244,
  "recall_macro": 0.3461538461538462,
  "recall_weighted": 0.5704697986577181,
  "total_samples": 149,
  "valid_predictions": 149,
  "failed_predictions": 0,
  "parse_failure_rate": 0.0
}