Metric,Precision,Recall,F1
Macro,0.36497785503569763,0.31073966359054084,0.31399401347952277
Micro,0.3704663212435233,0.3302540415704388,0.3492063492063492
