{
  "": {
    "P": 0.03662714097496706,
    "R": 0.03959156785243741,
    "F1": 0.03564840956145304,
    "count": 253
  },
  "overall": {
    "P": 0.03662714097496706,
    "R": 0.03959156785243741,
    "F1": 0.03564840956145304,
    "count": 253
  }
}