{
  "": {
    "P": 0.30489747122056404,
    "R": 0.07630044988147378,
    "F1": 0.18713901362034602,
    "count": 118
  },
  "overall": {
    "P": 0.30489747122056404,
    "R": 0.07630044988147378,
    "F1": 0.18713901362034602,
    "count": 118
  }
}