Metric,Precision,Recall,F1
Macro,0.18336785089645502,0.13840218423551753,0.12607853699792812
Micro,0.2819672131147541,0.19861431870669746,0.23306233062330622
