Class,TP,FP,FN,TN,Precision,Recall,F1
Permanent teeth,0,6,31,189,0.0,0.0,0.0
Primary teeth,207,13,6,0,0.9409090909090909,0.971830985915493,0.9561200923787528
