Metric,Precision,Recall,F1
Macro,0.19232222356733192,0.3847163371724775,0.21276002520285453
Micro,0.21818181818181817,0.3325635103926097,0.26349496797804206
