{
  "": {
    "P": 0.28052377859951205,
    "R": 0.053915204146209664,
    "F1": 0.16573771415635144,
    "count": 261
  },
  "overall": {
    "P": 0.28052377859951205,
    "R": 0.053915204146209664,
    "F1": 0.16573771415635144,
    "count": 261
  }
}