{
  "": {
    "P": 0.3095544053106016,
    "R": 0.08796730966579751,
    "F1": 0.1973898087795895,
    "count": 261
  },
  "overall": {
    "P": 0.3095544053106016,
    "R": 0.08796730966579751,
    "F1": 0.1973898087795895,
    "count": 261
  }
}