{
  "": {
    "P": 0.06245210727969349,
    "R": 0.06979565772669222,
    "F1": 0.06364410387398894,
    "count": 261
  },
  "overall": {
    "P": 0.06245210727969349,
    "R": 0.06979565772669222,
    "F1": 0.06364410387398894,
    "count": 261
  }
}