Metric,Precision,Recall,F1
Macro,0.37925816301642284,0.5063161154827821,0.3770008070026958
Micro,0.30760233918128654,0.6073903002309469,0.4083850931677019
