Class,TP,FP,FN,TN,Precision,Recall,F1
C1,2,7,16,236,0.2222222222222222,0.1111111111111111,0.14814814814814814
C2,0,2,25,234,0.0,0.0,0.0
C3,0,0,19,242,0.0,0.0,0.0
C4,0,0,24,237,0.0,0.0,0.0
C5,0,0,39,222,0.0,0.0,0.0
C6,0,0,52,209,0.0,0.0,0.0
C7,0,2,44,215,0.0,0.0,0.0
C8,0,0,25,236,0.0,0.0,0.0
C9,0,0,2,259,0.0,0.0,0.0
C10,0,0,10,251,0.0,0.0,0.0
C11,3,11,18,229,0.21428571428571427,0.14285714285714285,0.17142857142857143
C12,0,0,5,256,0.0,0.0,0.0
C13,2,2,35,222,0.5,0.05405405405405406,0.0975609756097561
C14,23,30,55,153,0.4339622641509434,0.2948717948717949,0.3511450381679389
C15,26,0,2,233,1.0,0.9285714285714286,0.9629629629629629
C16,0,1,1,259,0.0,0.0,0.0
C17,0,0,1,260,0.0,0.0,0.0
C18,2,1,2,256,0.6666666666666666,0.5,0.5714285714285714
