Metric,Precision,Recall,F1
Macro,0.16872982596253036,0.11285919619252953,0.12792634820810825
Micro,0.5087719298245614,0.13394919168591224,0.21206581352833637
