{
  "": {
    "P": 0.0375,
    "R": 0.044487179487179486,
    "F1": 0.03743589743589743,
    "count": 260
  },
  "overall": {
    "P": 0.0375,
    "R": 0.044487179487179486,
    "F1": 0.03743589743589743,
    "count": 260
  }
}