Metric,Precision,Recall,F1
Macro,0.1449212022046002,0.23827066077066072,0.13577363066733103
Micro,0.1677096370463079,0.3094688221709007,0.21753246753246752
