{
  "": {
    "P": 0.009578544061302681,
    "R": 0.009578544061302681,
    "F1": 0.009578544061302681,
    "count": 261
  },
  "overall": {
    "P": 0.009578544061302681,
    "R": 0.009578544061302681,
    "F1": 0.009578544061302681,
    "count": 261
  }
}