{
  "": {
    "P": 0.2887334723981861,
    "R": 0.22854629371643523,
    "F1": 0.25908388000452653,
    "count": 261
  },
  "overall": {
    "P": 0.2887334723981861,
    "R": 0.22854629371643523,
    "F1": 0.25908388000452653,
    "count": 261
  }
}