Metric,Precision,Recall,F1
Macro,0.09066042134882056,0.4350737864772953,0.13362064805886106
Micro,0.09311540366518078,0.4341801385681293,0.1533442088091354
