{
  "": {
    "P": 0.2548086212170078,
    "R": 0.10685131690193723,
    "F1": 0.18084526962647035,
    "count": 261
  },
  "overall": {
    "P": 0.2548086212170078,
    "R": 0.10685131690193723,
    "F1": 0.18084526962647035,
    "count": 261
  }
}