Metric,Precision,Recall,F1
Macro,0.3613567193879897,0.38681897681897687,0.32650178651542766
Micro,0.33766233766233766,0.48036951501154734,0.3965681601525262
