Class,TP,FP,FN,TN,Precision,Recall,F1
Permanent teeth,29,187,0,0,0.13425925925925927,1.0,0.23673469387755103
Primary teeth,0,0,203,13,0.0,0.0,0.0
