Class,TP,FP,FN,TN,Precision,Recall,F1
Permanent teeth,0,1,31,194,0.0,0.0,0.0
Primary teeth,213,13,0,0,0.9424778761061947,1.0,0.9703872437357631
