{
  "": {
    "P": 0.011545134502332946,
    "R": 0.01582360570687419,
    "F1": 0.012172954585405947,
    "count": 257
  },
  "overall": {
    "P": 0.011545134502332946,
    "R": 0.01582360570687419,
    "F1": 0.012172954585405947,
    "count": 257
  }
}